,trial,t,t_last_visible,d_last_visible,abs_angle_last_visible,hit_boundary,num_stops,num_stops_near_target,n_ff_in_a_row
0,1,2.5,1.5,194.05114324753717,0.26288584389770875,False,2,2,1
1,2,0.0,1.75,189.4109563465539,0.26288584389770875,False,0,0,1
2,3,2.0,1.0,174.9840596008604,0.17435293291288928,False,1,1,2
3,4,0.5,1.5,136.88863527637062,0.007600086673398815,False,0,0,1
4,5,2.0,9999.0,9999.0,9999.0,False,1,1,2
5,6,1.0,1.5,75.17381287550728,0.14721821103545008,False,0,0,1
6,7,2.75,1.5,236.50951519782703,0.19036674613058627,False,2,2,1
7,8,3.5,1.5,135.03489646814452,0.4945409311054696,False,1,1,1
8,9,3.25,0.5,169.69680988823902,0.06393603763475683,False,3,1,1
9,10,1.5,1.0,73.68198258888295,0.0,False,2,2,1
10,11,0.0,1.0,253.48821373345962,0.0,False,0,0,1
11,12,3.5,1.0,286.6693500734585,0.02838083712156629,False,3,3,2
12,13,3.25,1.0,44.981469235958706,0.0,False,1,1,1
13,14,2.5,1.5,188.66856539454528,0.30531157221029515,False,2,2,1
14,15,2.25,0.5,15.940560667199739,0.0,False,2,1,1
15,16,3.75,2.0,231.96871456616176,0.0,False,3,2,1
16,17,1.5,1.5,197.8313848791115,0.2171990787671498,False,2,2,1
17,18,1.5,1.0,46.41236250439021,0.0,False,2,2,1
18,19,2.0,1.5,156.9845631760862,0.0,False,2,2,1
19,20,3.75,1.0,188.5344516280503,0.2551463889094535,False,3,3,1
20,21,0.0,1.5,85.7457135873509,0.1892773258914925,False,0,0,1
21,22,1.5,1.5,182.56208050919048,0.3401277759729473,False,2,2,2
22,23,0.0,1.5,154.14436236917234,0.3712433522604424,False,0,0,1
23,24,4.25,2.0,221.65655003978048,0.5184437865663497,False,3,2,2
24,25,1.5,1.5,190.0246362476258,0.008976307957661939,False,2,2,1
25,26,2.0,1.0,45.339977598899615,0.0,False,1,1,1
26,27,2.25,1.25,284.73759930465076,0.46741897679613853,False,1,1,1
27,28,2.25,1.75,207.7575199497174,0.31542236670390966,False,1,1,1
28,29,0.5,1.0,90.18561875788768,0.03356385290131142,False,0,0,1
29,30,0.0,1.5,94.98969575289743,0.0,False,0,0,2
30,31,2.5,2.0,268.71030065766246,0.37538523298045473,False,1,1,3
31,32,1.0,9999.0,9999.0,9999.0,False,0,0,1
32,33,0.5,1.75,385.94899507743236,0.21675824218069165,False,0,0,1
33,34,4.0,1.5,138.04002706463388,0.2158613111185885,False,3,3,2
34,35,2.0,1.0,67.51555587551593,0.14123197692572342,False,1,1,1
35,36,2.5,2.5,303.19629033777176,0.5464480196482303,False,1,1,1
36,37,1.0,1.0,213.4776214693251,0.41752679316678104,False,0,0,1
37,38,3.25,2.0,299.0637799780163,0.233577791659053,False,2,2,1
38,39,1.0,1.5,351.1776259660847,0.3828458782802341,False,0,0,1
39,40,2.25,1.5,306.0199392831602,0.3391325342010507,False,4,3,1
40,41,3.0,2.0,259.8888980237386,0.3865094652338729,False,2,2,1
41,42,1.75,1.5,293.5926009474121,0.5109075222943992,False,1,1,1
42,43,1.25,1.5,135.42081430461533,0.45563062265088733,False,0,0,1
43,44,0.5,9999.0,9999.0,9999.0,False,0,0,1
44,45,0.5,1.5,92.71440460996293,0.25124664169212974,False,0,0,2
45,46,1.0,1.5,150.10820416610292,0.0,False,0,0,3
46,47,2.0,1.5,224.47431195366738,0.06248738750847105,False,3,3,1
47,48,1.75,1.5,251.7403830237895,0.37053571905000005,False,3,3,1
48,49,2.0,1.5,292.3665166503446,0.2289299428382871,False,2,2,1
49,50,1.5,1.5,148.73405789632147,0.0905122256677374,False,1,1,1
50,51,2.75,1.0,372.65191993032875,0.44723649820359673,False,2,2,1
51,52,0.5,1.5,394.38277954625994,0.46899067909330394,False,0,0,1
52,53,2.0,2.0,208.75674760680783,0.4045340847460687,False,3,2,2
53,54,2.0,1.5,125.90917562078326,0.3732894849353354,False,2,2,1
54,55,2.25,1.5,119.81367672591254,0.48421176794470216,False,3,3,1
55,56,0.0,1.5,119.81367672591254,0.48421176794470216,False,0,0,1
56,57,1.5,1.5,196.52403147852596,0.1233590310588421,False,2,2,2
57,58,2.5,1.5,291.7066616521301,0.25901777845163443,False,2,2,1
58,59,1.5,31.75,325.2523695494067,0.3391325342010507,False,1,1,1
59,60,0.0,1.75,330.92305483698783,0.46980845979052405,False,0,0,1
60,61,1.5,1.75,197.80678011251837,0.30786169840686795,False,2,2,2
61,62,2.25,1.0,260.37094366942546,0.1114178781435175,False,2,2,1
62,63,1.75,1.0,316.6545763727856,0.12354618272712495,False,2,2,1
63,64,0.5,2.0,197.95104084786522,0.12354618272712495,False,0,0,1
64,65,0.0,1.0,251.79089760332974,0.0,False,0,0,2
65,66,1.5,1.0,387.79927435048955,0.6090591043114354,False,2,2,3
66,67,2.25,1.75,259.2631767148285,0.5842289894945878,False,1,1,1
67,68,7.75,1.5,170.7691385147253,0.06060076196374936,False,3,3,1
68,69,2.25,1.5,288.17878649490746,0.6054097280147502,False,2,2,1
69,70,1.25,32.75,304.2603837824048,0.5666720270622365,False,0,0,1
70,71,0.5,2.0,343.97761361110736,0.27703976583497114,False,0,0,1
71,72,3.75,1.5,126.38101130960398,0.2800011609240465,False,1,1,2
72,73,1.25,61.0,242.4132963537141,0.10785866453695403,False,0,0,1
73,74,0.5,2.0,346.77070804860443,0.408571799740825,False,0,0,1
74,75,0.0,31.0,331.99655370551636,0.6039972595605052,False,0,0,2
75,76,1.75,1.5,219.5625827554134,0.4884337784003534,False,2,2,3
76,77,7.75,1.75,370.33947432614735,0.3918105881360343,False,2,2,1
77,78,3.75,2.0,384.89408308059313,0.3737740351581331,False,2,2,1
78,79,1.75,0.5,380.00811827074796,0.4057681664293552,False,1,1,1
79,80,0.0,1.5,384.8576364399986,0.504416635914632,False,0,0,1
80,81,3.0,1.75,397.483144612056,0.3272086287865852,False,3,2,2
81,82,6.75,1.5,353.0927847849924,0.4300226050004411,False,5,3,1
82,83,1.75,1.5,145.85192433817875,0.28815295910392025,False,2,2,1
83,84,3.25,1.0,353.2796663253111,0.4896017573470056,False,2,2,1
84,85,4.25,1.5,139.75978375063826,0.4334171783787255,False,3,3,1
85,86,0.5,1.0,357.08926047102034,0.213820952940282,False,0,0,1
86,87,2.5,2.0,285.68237586988926,0.5564683597378537,False,2,2,2
87,88,0.0,2.0,338.5351470633347,0.5765476131910273,False,0,0,1
88,89,0.75,1.0,334.42141016275286,0.3909476538174753,False,0,0,2
89,90,1.0,2.75,348.0831141557262,0.5433469638319351,False,0,0,1
90,91,0.0,1.5,142.99569074206775,0.0,False,0,0,1
91,92,1.5,1.5,367.5314935069773,0.45686976552305536,False,2,2,2
92,93,3.25,1.5,358.4341904479613,0.5646714283844586,False,2,2,1
93,94,2.25,1.5,301.3655854908072,0.5370815157285215,False,2,2,1
94,95,3.0,2.0,237.23156059714245,0.5867455786822047,False,2,2,1
95,96,3.5,0.5,42.76320708829801,0.0,False,1,1,1
96,97,3.25,1.5,327.04417171068746,0.2723661378752979,False,4,3,1
97,98,1.75,1.75,291.0005179104952,0.5763741472985008,False,2,2,1
98,99,8.0,1.5,151.11726392044315,0.4077470682166962,False,3,1,1
99,100,2.5,1.5,352.7145183732809,0.30643771863121044,False,2,2,1
100,101,1.25,1.0,345.53986551415557,0.38415431015022017,False,0,0,1
101,102,0.0,1.75,332.7415796325343,0.37556687143255474,False,0,0,1
102,103,1.75,1.5,265.8179930133582,0.5977782319007653,False,2,2,2
103,104,0.75,2.5,254.28141397221503,0.5604279037484454,False,0,0,1
104,105,0.5,1.5,106.63616045832212,0.05383678207030554,False,0,0,1
105,106,5.75,2.0,334.1718609662572,0.20434056091316113,False,2,2,2
106,107,3.25,2.0,370.97010607088487,0.4280158533393853,False,2,2,1
107,108,1.25,1.75,327.0924871444221,0.5108928115480119,False,0,0,1
108,109,0.0,1.75,393.5204845901327,0.5974325493896792,False,0,0,1
109,110,1.0,1.5,322.5730786474204,0.38230879731764617,False,0,0,2
110,111,3.75,2.0,191.79084837729602,0.5402996994775514,False,3,2,1
111,112,1.0,1.25,233.78205364081774,0.4215302206096544,False,0,0,1
112,113,0.5,9999.0,9999.0,9999.0,False,0,0,1
113,114,1.75,1.5,196.30454759365415,0.07259362120819235,False,3,3,2
114,115,1.5,1.5,327.46453975794844,0.5292056551648963,False,2,2,1
115,116,2.5,1.75,397.42323428397077,0.5653031747051519,False,2,2,1
116,117,4.0,1.75,130.2989122620828,0.46721358853879846,False,2,2,1
117,118,0.5,1.0,165.12838617179636,0.5416524951535137,False,0,0,1
118,119,2.5,1.0,339.5310147941477,0.37536954291632785,False,2,1,2
119,120,1.5,2.0,347.4197366366088,0.12339033059214079,False,2,2,1
120,121,0.0,9999.0,9999.0,9999.0,False,0,0,1
121,122,1.25,1.25,367.9574812224926,0.5233162501258968,False,0,0,2
122,123,1.25,1.5,134.23640159098406,0.034065536691141096,False,0,0,1
123,124,0.0,1.25,237.55790258352948,0.3049157659082388,False,0,0,1
124,125,1.0,3.25,280.1484194519963,0.5986434620037482,False,0,0,2
125,126,0.0,1.5,131.6380990722402,0.007442093156077578,False,0,0,1
126,127,0.5,1.5,387.0388436827539,0.5737873864283254,False,0,0,2
127,128,2.0,2.0,393.9154768283072,0.4725702221329453,False,3,2,3
128,129,1.75,1.5,388.00810102680833,0.42382352362206765,False,2,2,1
129,130,1.75,2.0,399.76979670464203,0.4084816544862165,False,2,2,1
130,131,1.5,2.0,299.63762969193937,0.5734138837195969,False,1,1,1
131,132,1.0,3.5,297.0381780405157,0.6070195272645874,False,0,0,1
132,133,0.5,1.5,231.5607866340077,0.26380784605023755,False,0,0,1
133,134,3.0,1.5,104.95357676658057,0.39694264460527406,False,3,3,2
134,135,2.0,1.5,166.48207716702296,0.21763039946121998,False,2,2,1
135,136,5.75,0.5,362.82055787350055,0.05531008591036868,False,1,1,1
136,137,2.25,1.0,370.09547593860435,0.6197963000656823,False,3,2,1
137,138,1.5,1.75,391.10297953741406,0.61108473124003,False,2,2,1
138,139,1.75,1.0,189.348105088473,0.0,False,3,3,1
139,140,1.0,1.5,367.105807666589,0.40646280041446553,False,0,0,1
140,141,1.5,2.0,236.326400248752,0.0,False,2,2,1
141,142,1.25,0.5,384.6523197191916,0.41102415730828457,False,0,0,1
142,143,7.25,1.5,387.62036077989904,0.5542512060826658,False,2,1,1
143,144,1.25,1.5,293.0726217674677,0.3324545471730158,False,0,0,1
144,145,0.5,1.0,85.26777708967863,0.0,False,0,0,1
145,146,1.25,20.5,289.0484281507665,0.5919562161871463,False,0,0,2
146,147,0.5,1.5,316.164237744011,0.4673955718811024,False,0,0,1
147,148,1.25,1.75,342.07721059996413,0.5257111421027878,False,0,0,2
148,149,1.5,1.5,275.3265551861535,0.4221744112562871,False,3,3,1
149,150,1.25,1.75,265.89674210507366,0.5225603695466281,False,0,0,1
150,151,1.25,1.0,73.12694282897944,0.2391334437242129,False,0,0,1
151,152,1.25,0.5,399.05675606333455,0.5255111975200277,False,0,0,1
152,153,2.5,1.5,101.721491696157,0.2661487653703326,False,4,3,1
153,154,1.25,1.5,297.4000478298531,0.3878632891681223,False,0,0,1
154,155,3.25,1.5,399.1521568079863,0.4528266385526109,False,2,2,1
155,156,4.5,1.0,338.4630064669937,0.5466326865436794,False,3,2,1
156,157,2.0,1.75,376.5015895753747,0.5066081125830159,False,2,2,1
157,158,3.0,1.5,130.8702235484737,0.47900434306018813,False,3,3,1
158,159,3.25,1.75,361.0359048190004,0.36609411075302495,False,2,2,1
159,160,1.25,1.5,368.5608812288467,0.4893679571223794,False,0,0,1
160,161,2.5,1.5,373.71292357608826,0.5149007304606587,False,2,2,1
161,162,0.5,1.5,115.73845005616455,0.0,False,0,0,1
162,163,1.25,1.0,106.3349556286675,0.0,False,0,0,2
163,164,2.5,1.0,325.50650016094147,0.12526589485655354,False,1,1,1
164,165,0.75,1.25,328.08534573918564,0.1229981843866279,False,0,0,1
165,166,0.75,23.75,286.7495302979909,0.5822398986073363,False,0,0,1
166,167,0.5,1.5,167.99049773379843,0.5250487216034356,False,0,0,1
167,168,0.0,1.5,257.9752815756761,0.0,False,0,0,2
168,169,1.5,2.25,235.31706255636368,0.160155786709207,False,1,1,3
169,170,1.0,1.5,390.87128401528156,0.38609236032224875,False,0,0,1
170,171,0.5,2.5,333.9487195025291,0.45467132609834493,False,0,0,1
171,172,1.0,1.5,325.10117732765764,0.18631294636033893,False,0,0,2
172,173,2.5,2.0,379.6717424540628,0.1325445987804211,False,2,2,1
173,174,2.5,1.25,212.88429594760254,0.290404817745325,False,1,1,1
174,175,1.25,1.75,249.75123658342804,0.43598394720504974,False,0,0,1
175,176,2.75,1.5,169.65895680511724,0.0,False,2,2,1
176,177,5.25,1.25,383.3080220025258,0.6138204053156603,False,1,1,1
177,178,1.0,2.25,391.9780437741812,0.6192564348423755,False,0,0,1
178,179,0.0,1.5,386.4695280944064,0.47126127258609646,False,0,0,1
179,180,1.0,1.0,343.38049954926385,0.3257303491991339,False,0,0,2
180,181,1.5,1.75,280.79692459167865,0.3850340715777859,False,2,2,1
181,182,2.25,1.5,166.73394667005311,0.0,False,2,2,1
182,183,1.75,0.5,164.60923602501342,0.19102746113084912,False,2,2,1
183,184,5.5,1.5,108.93383935404857,0.0,False,3,2,1
184,185,6.25,1.5,333.4443463983534,0.5910940662227644,False,2,1,1
185,186,4.5,1.5,311.0731641463554,0.5332063673747311,False,3,3,1
186,187,4.25,1.5,385.61649844774945,0.3413334659373096,False,2,2,1
187,188,4.25,1.5,360.214111573635,0.27255770140330143,False,1,1,1
188,189,1.25,1.0,373.5768687137663,0.5583398629240082,False,0,0,1
189,190,0.5,2.0,395.0950205398493,0.4937311670959562,False,0,0,1
190,191,0.5,2.75,308.9537898018983,0.4501791342690311,False,0,0,2
191,192,0.0,1.5,388.6607301618029,0.5885981656221644,False,0,0,3
192,193,1.0,0.5,25.38164612534835,0.0,False,0,0,4
193,194,1.5,1.0,379.3536519494413,0.5568711874430221,False,2,2,1
194,195,1.75,1.5,385.50785720138714,0.5062634994532154,False,2,2,1
195,196,1.0,0.5,17.61844448502671,0.0,False,0,0,1
196,197,1.5,1.25,375.776233981589,0.4962180690141482,False,2,2,1
197,198,4.0,1.5,138.8856118276386,0.0,False,1,1,1
198,199,0.5,1.0,335.31172777500103,0.003926407094484274,False,0,0,1
199,200,1.75,1.5,102.75094617620316,0.0,False,3,3,2
200,201,1.75,1.5,244.48556456462623,0.21097755374968039,False,3,3,1
201,202,0.0,2.0,396.67199879397606,0.5856215114743389,False,0,0,1
202,203,1.5,1.75,376.96204151225163,0.4824883873583032,False,2,2,2
203,204,1.75,75.25,379.20551114991736,0.628101668876072,False,2,2,1
204,205,2.5,1.0,114.27668140102604,0.37986752489612763,False,2,2,1
205,206,1.75,1.5,396.72177676815846,0.3969181977552713,False,1,1,1
206,207,0.5,1.0,339.0560715992249,0.5116194341452303,False,0,0,1
207,208,4.25,1.75,386.2123838478974,0.4237622671490875,False,2,2,2
208,209,3.5,19.25,254.773937168411,0.45349024842488095,False,1,1,1
209,210,0.5,1.5,156.51748252409277,0.0,False,0,0,1
210,211,0.0,20.0,213.0546333772359,0.3657972618810687,False,0,0,2
211,212,7.25,0.5,324.23812919543025,0.5349065196663862,False,2,1,3
212,213,0.0,0.5,380.47930346126236,0.5349065196663862,False,0,0,1
213,214,2.75,2.0,239.75285386121436,0.0382416003856179,False,3,2,2
214,215,1.5,1.0,332.0251885246605,0.3393105943377046,False,1,1,1
215,216,1.0,1.5,345.6385577698842,0.4237622671490875,False,0,0,1
216,217,1.75,1.5,399.70936132197494,0.0797241619267913,False,2,2,1
217,218,3.25,1.75,390.93972813865423,0.5017745420378165,False,2,2,1
218,219,1.5,1.5,226.32605782210206,0.0044393307473696575,False,1,1,1
219,220,0.5,1.0,391.22698166306367,0.5502110319453376,False,0,0,1
220,221,1.5,1.5,355.6937355170301,0.3830903906145604,False,3,3,2
221,222,3.75,0.5,398.58160327362896,0.574747653165973,False,2,2,1
222,223,2.5,1.0,352.56934422586244,0.5716726312087781,False,4,3,1
223,224,1.25,1.75,286.76339597723927,0.41510402544156505,False,0,0,1
224,225,1.0,1.5,132.05446636011553,0.19690946558008593,False,0,0,1
225,226,0.0,9999.0,9999.0,9999.0,False,0,0,1
226,227,2.0,1.5,298.0910069522868,0.5493376662237465,False,2,2,2
227,228,0.0,89.75,373.2821125701302,0.4113515929468612,False,0,0,1
228,229,1.75,2.0,280.52757291638056,0.5176426638708511,False,2,2,2
229,230,1.75,1.25,119.37636810153909,0.09200119693150732,False,2,1,1
230,231,0.5,1.0,377.9841336525595,0.2030088920375934,False,0,0,1
231,232,3.25,1.5,382.54075716846154,0.5576458769772078,False,2,2,2
232,233,2.0,0.5,375.3559966327045,0.40008717609813377,False,2,1,1
233,234,1.25,1.0,372.00466392600566,0.5812842425880034,False,0,0,1
234,235,4.0,2.25,388.4113073137558,0.572221511666122,False,2,2,1
235,236,0.0,2.0,393.9755533140898,0.4914061170813905,False,0,0,1
236,237,0.0,2.25,308.08807330423843,4.233006845086318e-05,False,0,0,2
237,238,1.5,1.25,228.70478551411898,0.5530475194313623,False,1,1,3
238,239,1.25,1.5,124.49677177175641,0.37611525290732656,False,0,0,1
239,240,1.25,9999.0,9999.0,9999.0,False,0,0,1
240,241,1.0,1.5,119.03523401266301,0.4029080537020703,False,0,0,1
241,242,2.25,1.0,327.1143281851143,0.4197673067215863,False,2,2,1
242,243,2.5,1.5,365.2395964920779,0.5256836902291985,False,2,2,1
243,244,4.25,1.5,304.7599154831454,0.11834858332956485,False,2,2,1
244,245,2.25,1.5,369.9327414335626,0.60138165738795,False,3,3,1
245,246,1.75,2.0,384.96520025906864,0.3137580232067625,False,2,2,1
246,247,1.0,1.0,394.94414605269037,0.42264931057108235,False,0,0,1
247,248,3.0,1.75,385.59065596939575,0.48223405054411483,False,2,2,2
248,249,1.0,2.5,388.12416103392053,0.4707462354202673,False,0,0,1
249,250,1.0,1.5,121.96317093816458,0.47563142342259307,False,0,0,1
250,251,0.0,2.0,356.6342253588238,0.41499928225363164,False,0,0,1
251,252,1.75,1.5,144.12384608974645,0.0,False,3,2,2
252,253,1.0,1.0,361.70889672954667,0.5801509755983514,False,0,0,1
253,254,3.5,2.0,238.78172093168064,0.0,False,1,1,1
254,255,1.5,1.75,329.30319124967224,0.5483195659504877,False,2,2,1
255,256,1.25,1.5,84.33297180472744,0.0,False,0,0,1
256,257,1.5,1.5,193.3852313905557,0.2806565730399916,False,2,2,1
257,258,2.0,1.5,288.2569635600944,0.2527052867400137,False,2,2,1
258,259,2.5,1.0,254.13763257884975,0.04852684178493656,False,1,1,1
259,260,3.25,1.0,198.4599189690235,0.5340088010465709,False,4,3,1
260,261,0.75,9999.0,9999.0,9999.0,False,0,0,1
261,262,2.5,1.75,373.03904040644846,0.4119945863900527,False,3,2,1
262,263,1.75,1.5,389.40461713277875,0.45916148885689767,False,2,2,1
263,264,2.75,2.0,389.1811656759398,0.5977405140570714,False,2,2,1
264,265,1.25,107.75,393.44283276469025,0.5065176752291594,False,0,0,1
265,266,0.0,1.5,264.1584628346526,0.5798988650731606,False,0,0,1
266,267,0.0,2.75,312.77421001175264,0.4711062805294066,False,0,0,2
267,268,2.5,1.75,355.8754453455263,0.47016268840305153,False,2,2,3
268,269,1.5,2.0,225.30269948966645,0.13661057283873204,False,2,2,1
269,270,7.25,1.25,157.3112684828724,0.10622758031589372,False,3,1,1
270,271,1.25,69.75,235.30369111292177,0.590745229744066,False,0,0,1
271,272,1.25,1.0,352.745241699304,0.6188340438682093,False,0,0,1
272,273,2.25,1.5,396.2363197514096,0.5694214184924423,False,2,2,1
273,274,0.0,22.5,320.15751171037545,0.3500658777240737,False,0,0,1
274,275,1.25,1.5,358.70212543005135,0.3640758429404902,False,0,0,2
275,276,1.0,1.0,396.3248812230828,0.38249859487971566,False,0,0,1
276,277,2.5,1.5,206.84348455487842,0.1426134308373423,False,1,1,1
277,278,5.75,1.5,376.7408711497669,0.4425106431544691,False,3,2,1
278,279,2.0,0.5,12.64740092443184,0.0,False,1,1,1
279,280,2.5,1.5,268.700942966276,0.5446626185103925,False,3,3,1
280,281,2.5,1.5,392.0721633656534,0.605480174682133,False,3,3,1
281,282,1.5,1.0,339.16323745001813,0.37259365019681395,False,2,2,1
282,283,0.0,9999.0,9999.0,9999.0,False,0,0,1
283,284,2.0,1.5,279.88609783924113,0.2716392776475691,False,2,2,2
284,285,0.0,1.5,240.71530260208849,0.5263975888048105,False,0,0,1
285,286,3.75,1.5,383.3886842054349,0.42616753504982424,False,1,1,2
286,287,1.5,1.25,297.53981503172145,0.5266309799703812,False,2,1,1
287,288,1.25,1.75,332.62602537777354,0.2557009797973789,False,0,0,1
288,289,3.0,2.0,295.62839535572033,0.5266810979723934,False,2,2,1
289,290,3.0,0.5,330.61329304571547,0.6111639296831813,False,2,1,1
290,291,0.0,2.0,372.3027007969137,0.010736822823685072,False,0,0,1
291,292,3.25,1.5,392.76346912232566,0.5978209863658551,False,3,2,2
292,293,1.75,1.5,373.0809161881565,0.5353710326760492,False,2,2,1
293,294,2.0,1.75,393.20502126416807,0.6071314728316974,False,2,2,1
294,295,1.5,1.5,391.92615323279057,0.4801037156058141,False,2,2,1
295,296,2.25,2.0,260.6109380735208,0.48952937870874447,False,3,2,1
296,297,1.5,1.25,353.6481352465603,0.4332783477279415,False,1,1,1
297,298,1.0,1.5,389.6869197001562,0.5600029766534096,False,0,0,1
298,299,1.5,1.5,388.08419318230506,0.27668479810765534,False,2,2,1
299,300,2.0,1.5,384.67286322803847,0.38942959426132656,False,2,2,1
300,301,1.25,1.0,392.12337619944464,0.5137131965434416,False,0,0,1
301,302,2.25,0.5,148.36258398504762,0.5205120248363369,False,2,2,1
302,303,2.75,1.25,209.69755609987234,0.5404569766328053,False,2,1,1
303,304,0.5,2.25,312.502917822378,0.543744939544892,False,0,0,1
304,305,0.5,1.5,390.842180979972,0.38135422592146323,False,0,0,2
305,306,2.5,1.5,120.53058416297367,0.0,False,2,1,3
306,307,2.25,1.0,379.10994901986436,0.33748628013755333,False,2,2,1
307,308,2.25,1.75,230.6028470124454,0.28113123193350714,False,2,2,1
308,309,2.5,1.0,397.25550939510487,0.518688929816392,False,3,3,1
309,310,0.0,2.25,369.2644778318778,0.3662237385398615,False,0,0,1
310,311,1.5,1.0,354.89317534078594,0.5974883416753571,False,2,2,2
311,312,5.25,1.5,278.40272445229834,0.497148838012455,False,1,1,1
312,313,2.25,1.5,225.6310134084162,0.2695949596611246,False,2,2,1
313,314,2.25,1.75,395.06727366580384,0.5561917478975857,False,2,2,1
314,315,1.5,1.5,244.30194728197205,0.3157749934045525,False,2,2,1
315,316,1.0,1.0,254.581424736232,0.4062537679641844,False,0,0,1
316,317,1.25,1.75,225.07591406174504,0.06422109416908767,False,0,0,1
317,318,3.0,2.0,338.7957654307497,0.5682788202961412,False,2,2,1
318,319,3.25,1.5,187.57873569063574,0.11805448592351217,False,4,2,1
319,320,1.0,1.0,90.21229183300406,0.0,False,0,0,1
320,321,0.0,1.25,195.90806092921508,0.0,False,0,0,1
321,322,6.5,1.75,198.07934472475407,0.4838136262743201,False,2,2,2
322,323,1.75,1.0,360.34049820638614,0.5928791736015668,False,1,1,1
323,324,1.0,1.0,399.01366946519306,0.5660042727619479,False,0,0,1
324,325,1.0,1.5,343.5675222489395,0.16842659919080916,False,0,0,1
325,326,1.75,1.75,395.31543150566847,0.5040515580115371,False,2,2,1
326,327,2.0,1.0,263.34879530228176,0.2959818265942902,False,2,2,1
327,328,2.5,1.0,381.32226265155566,0.569255603251564,False,2,2,1
328,329,0.0,9999.0,9999.0,9999.0,False,0,0,1
329,330,2.25,1.5,258.9065726268364,0.1853846101989642,False,2,2,2
330,331,0.5,1.0,238.47215712059628,0.2165266526979296,False,0,0,1
331,332,2.0,1.75,393.679075524652,0.5130680821113379,False,1,1,2
332,333,1.0,1.5,216.51435937061345,0.36508692318562347,False,0,0,1
333,334,1.5,1.5,115.47156642975855,0.38577491433324385,False,2,2,1
334,335,4.0,1.75,379.4194655887743,0.3972217508137348,False,2,2,1
335,336,1.25,1.25,395.9447459924978,0.3431395092776919,False,0,0,1
336,337,1.25,1.75,316.4098944680378,0.42692974463958555,False,0,0,1
337,338,0.5,1.0,356.88295156250484,0.41295747896391655,False,0,0,1
338,339,3.0,1.75,360.74659475434066,0.3583381586999471,False,3,1,2
339,340,1.0,1.5,372.57349890129416,0.5641120764380994,False,0,0,1
340,341,3.0,1.5,334.5842791128817,0.25666436064337445,False,1,1,1
341,342,2.0,1.75,303.8800440331687,0.6027161267128006,False,2,2,1
342,343,2.75,1.25,301.6094587998735,0.17612989549611754,False,2,2,1
343,344,0.5,2.0,147.3227648339165,0.023986978427962297,False,0,0,1
344,345,0.0,1.25,397.3968107818213,0.09110107421117704,False,0,0,2
345,346,0.5,1.0,68.84667890412321,0.16281132354676509,False,0,0,3
346,347,0.0,1.5,394.82207622620933,0.3771226558836612,False,0,0,4
347,348,3.5,1.5,355.5535490496903,0.3609027844498149,False,1,1,5
348,349,1.5,1.75,344.56719208189105,0.3288221904285948,False,2,2,1
349,350,2.25,0.5,384.7115356227368,0.5322345291203175,False,1,1,1
350,351,1.5,1.5,376.1178008621009,0.40735725696196323,False,3,3,1
351,352,1.25,1.75,230.66224983927816,0.1402358879404706,False,0,0,1
352,353,1.5,0.0,283.92600316317,0.11498279147837513,False,2,2,1
353,354,0.0,2.0,371.7337874721197,0.5969514032993932,False,0,0,1
354,355,1.0,4.0,388.94902874214023,0.5175207014458967,False,0,0,2
355,356,2.0,2.0,245.15050090254266,0.2538165575267305,False,1,1,3
356,357,0.5,1.5,350.0416981178863,0.35093888555968517,False,0,0,1
357,358,1.0,134.75,394.545574221034,0.5739631109411234,False,0,0,2
358,359,0.5,2.0,391.7484319237069,0.40502927673189687,False,0,0,1
359,360,3.0,1.75,388.7158417781978,0.596135881078107,False,2,2,2
360,361,0.5,1.0,73.75794654089437,0.0,False,0,0,1
361,362,2.75,2.0,262.64492926793076,0.3600128975477971,False,2,2,2
362,363,2.25,0.75,222.73760901957323,0.4275945024698433,False,2,1,1
363,364,1.5,1.0,315.73497082257774,0.6165047223599274,False,3,3,1
364,365,1.5,1.5,382.66003364895647,0.46371783550709245,False,2,2,1
365,366,2.75,1.75,271.07445965426143,0.06670547200468736,False,2,2,1
366,367,2.25,1.5,315.306041273036,0.32579777271325994,False,3,3,1
367,368,2.5,1.0,219.04871973110062,0.4604872431286442,False,3,2,1
368,369,2.0,2.0,368.05195321228786,0.5913522370758745,False,2,1,1
369,370,0.5,1.0,384.3024562919206,0.39788062662503176,False,0,0,1
370,371,1.5,1.5,180.68476413452743,0.10526484738332062,False,2,2,2
371,372,1.0,2.75,399.63031348910124,0.5503904467773538,False,0,0,1
372,373,0.0,2.75,389.6822601221854,0.492804946680991,False,0,0,1
373,374,0.5,2.0,200.25071110674298,0.42356819317304295,False,0,0,2
374,375,3.0,0.5,147.3524813759277,0.14553992732280513,False,2,2,3
375,376,0.5,2.25,111.63637500907768,0.14553992732280513,False,0,0,1
376,377,1.0,9999.0,9999.0,9999.0,False,0,0,2
377,378,0.5,1.75,262.7276653144192,0.3978321501236212,False,0,0,1
378,379,1.0,1.5,314.74760762825565,0.2682362085588543,False,0,0,2
379,380,1.25,1.0,102.7723115637192,0.11547075552521646,False,0,0,1
380,381,2.0,1.5,132.1106054660567,0.0,False,2,2,1
381,382,2.5,1.5,292.7681857340412,0.5146322672132155,False,2,1,1
382,383,3.75,1.75,211.0143712756955,0.08801862417084014,False,2,2,1
383,384,2.0,146.25,369.0134879150192,0.5305875080402007,False,1,1,1
384,385,0.5,1.5,132.30547528829962,0.0,False,0,0,1
385,386,2.75,1.25,381.9755599218018,0.4356470955299412,False,1,1,2
386,387,1.0,1.5,320.4192299781756,0.6119296325714328,False,0,0,1
387,388,1.75,1.5,317.38632151757173,0.46374967140993506,False,2,2,1
388,389,3.75,0.5,26.40933759646108,0.0,False,1,1,1
389,390,0.75,1.0,309.0967818005413,0.3841482373210988,False,0,0,1
390,391,2.0,1.75,218.40484102518985,0.35420688076895646,False,2,2,2
391,392,1.75,1.5,376.99267470431016,0.3703689742451117,False,2,2,1
392,393,1.75,1.0,80.15887933331652,0.15755900167695203,False,2,2,1
393,394,4.0,0.5,225.1655991359248,0.0,False,2,2,1
394,395,2.25,1.5,391.5091762084172,0.6225414395454848,False,3,2,1
395,396,2.25,1.75,268.53142987139785,0.1662999792292839,False,1,1,1
396,397,1.75,1.75,229.16077967081165,0.007365052640027098,False,2,2,1
397,398,2.75,1.0,344.59336931833957,0.5721157062538089,False,3,3,1
398,399,1.5,1.0,93.68354118359451,0.0,False,2,2,1
399,400,0.0,1.0,328.86048094625835,0.4806017106969634,False,0,0,1
400,401,3.75,1.5,223.0022053954693,0.5341460663591944,False,1,1,2
401,402,1.75,1.5,204.35589819522767,0.17610361523660253,False,3,3,1
402,403,2.0,1.25,348.49895069821923,0.605796100862182,False,1,1,1
403,404,1.0,1.5,378.8291162727409,0.5391704829118691,False,0,0,1
404,405,4.0,2.0,383.8905712386743,0.5806230496906787,False,2,2,1
405,406,2.0,1.5,144.34533077848073,0.20158409995359322,False,2,2,1
406,407,2.0,1.0,399.52054098049473,0.6289681563511428,False,3,3,1
407,408,0.0,3.5,399.3124859597966,0.48447553141232147,False,0,0,1
408,409,0.0,1.0,272.4871048892345,0.45459363057970104,False,0,0,2
409,410,1.75,1.5,241.83904840281062,0.23341919662791308,False,1,1,3
410,411,0.5,1.5,146.70809081419696,0.06831285199923356,False,0,0,1
411,412,4.0,1.5,313.15046849437516,0.5987626325288526,False,1,1,2
412,413,1.0,1.5,92.51730398849666,0.36384965699422,False,0,0,1
413,414,0.0,24.25,229.40026244442478,0.2526633967624761,False,0,0,1
414,415,2.25,1.5,343.01849281468225,0.527234395025337,False,2,2,2
415,416,1.5,0.0,393.80162400949933,0.0,False,1,1,1
416,417,1.0,2.25,328.51767283102095,0.07166581514128578,False,0,0,1
417,418,2.75,2.0,365.0426943804696,0.527450727133259,False,3,2,2
418,419,3.25,1.5,390.41706675278886,0.617880436742998,False,2,2,1
419,420,1.5,1.0,340.6948260959716,0.42701843517741533,False,1,1,1
420,421,1.5,3.25,385.9792535855514,0.23290174093534105,False,2,1,1
421,422,0.5,2.0,222.96389041565976,0.18408580406158037,False,0,0,1
422,423,1.75,1.5,167.4607318702171,0.23943133626516705,False,1,1,2
423,424,3.5,0.5,16.022728373661966,0.0,False,1,1,1
424,425,5.25,1.75,271.6806581824916,0.3418996854779797,False,3,1,1
425,426,0.0,47.25,380.89059539437676,0.5450766614524272,False,0,0,1
426,427,1.0,1.5,364.23158985871027,0.5417660405369232,False,0,0,2
427,428,2.75,0.5,191.28179660988076,0.0,False,2,2,1
428,429,0.0,3.0,389.6230244328301,0.41009831607325875,False,0,0,1
429,430,2.25,1.5,396.7465213378059,0.5281576090223981,False,2,1,2
430,431,2.25,1.0,385.5637835739828,0.36862229912494643,False,1,1,1
431,432,3.75,1.5,175.8309683919343,0.0,False,2,2,1
432,433,1.25,1.5,329.3564954098628,0.3128568043400387,False,0,0,1
433,434,3.5,1.5,352.9644695228089,0.5226983057407659,False,2,2,1
434,435,1.75,1.5,206.3361099804192,0.29825256686672175,False,2,2,1
435,436,1.25,1.5,234.83040780150586,0.4832355974859839,False,0,0,1
436,437,2.5,2.25,359.1427750326714,0.5415285020626772,False,2,2,1
437,438,1.0,0.75,353.2430765132647,0.5706720907347352,False,0,0,1
438,439,0.0,160.5,329.1084671354297,0.5779456562070308,False,0,0,1
439,440,1.0,1.5,196.54517701956513,0.3116093562937613,False,0,0,2
440,441,3.5,1.75,220.05967379743882,0.0,False,2,2,1
441,442,2.25,1.0,218.15972126533686,0.11083786997550568,False,2,2,1
442,443,1.25,1.0,319.51209032440823,0.2962376639530876,False,0,0,1
443,444,1.0,1.5,189.28519865025876,0.2865648189077814,False,0,0,1
444,445,0.0,2.25,326.9709023292798,0.12962229797931485,False,0,0,1
445,446,4.0,2.0,396.44898764692476,0.37483086550949085,False,2,2,2
446,447,2.0,1.5,325.9035691881333,0.26019500120927247,False,2,2,1
447,448,1.25,1.75,153.67386394461394,0.47564975757483574,False,0,0,1
448,449,3.75,1.5,311.36203442020405,0.22908439990799523,False,2,2,1
449,450,1.5,1.5,272.5955266456705,0.44614591918740953,False,3,3,1
450,451,2.75,1.5,377.3818812460695,0.4867864849051062,False,1,1,1
451,452,6.75,1.5,182.2997315709384,0.4083188262534704,False,5,1,1
452,453,1.0,1.0,249.2585934805389,0.46675686796233623,False,0,0,1
453,454,3.5,1.5,189.7200537328663,0.2035628318121218,False,2,2,1
454,455,3.75,1.5,290.4169849117307,0.41149259551474243,False,2,2,1
455,456,6.0,1.0,75.6582245910923,0.0,False,1,1,1
456,457,4.0,1.0,393.3282505604602,0.4802038439597701,False,2,2,1
457,458,1.5,1.5,184.5884515213982,0.20653841830432296,False,2,2,1
458,459,2.25,0.5,383.8014422620261,0.5483282853924815,False,1,1,1
459,460,0.0,0.5,397.66703171553206,0.6139905947951437,False,0,0,1
460,461,4.25,1.75,208.39611137229966,0.0,False,3,2,2
461,462,1.75,1.5,293.11544977507657,0.36214502430072537,False,3,3,1
462,463,2.25,1.5,149.59297548238163,0.10369619969094176,False,2,2,1
463,464,2.0,1.5,394.9100100050198,0.4974160102145054,False,2,2,1
464,465,1.0,1.0,59.25317416743833,0.0,False,0,0,1
465,466,4.25,1.75,362.9462208446015,0.5318887937611391,False,2,2,1
466,467,0.0,1.75,340.83895148981406,0.48382033452817996,False,0,0,1
467,468,2.25,1.75,287.47652971899487,0.3767329673654952,False,2,2,2
468,469,0.0,1.75,387.3425939891031,0.5326727723308575,False,0,0,1
469,470,2.25,1.75,215.70629205417382,0.27028816301049796,False,2,2,2
470,471,2.5,2.0,389.80406457061645,0.5354091003796425,False,2,2,1
471,472,3.0,1.25,365.5267927164525,0.5214405837578492,False,2,1,1
472,473,0.5,1.0,344.7843326662945,0.37947283506754603,False,0,0,1
473,474,5.25,1.0,392.46363476471186,0.40770764369766255,False,2,2,2
474,475,4.75,1.75,227.27438492381418,0.0,False,2,2,1
475,476,1.75,1.5,390.8531220094461,0.4532880230108364,False,1,1,1
476,477,2.5,2.0,274.9073690059953,0.11266216445570947,False,3,2,1
477,478,0.0,2.0,368.3062577311577,0.5767021057495053,False,0,0,1
478,479,2.75,1.0,47.19066398517761,0.0476307583902279,False,2,2,2
479,480,4.25,1.5,289.9935505558742,0.2910401008126336,False,1,1,1
480,481,1.0,1.25,396.5026769856406,0.5604781401396643,False,0,0,1
481,482,2.0,1.5,139.47976727183666,0.29963964853069247,False,2,2,1
482,483,1.5,1.5,299.3490329237793,0.44079699417162527,False,2,2,1
483,484,1.25,1.25,334.16072780952624,0.3055443870042956,False,0,0,1
484,485,1.0,1.5,271.46918022831966,0.30760542963986803,False,0,0,1
485,486,3.0,1.25,359.1328613643795,0.5107519578717439,False,1,1,1
486,487,1.0,2.0,179.6625909519958,0.5005138610756139,False,0,0,1
487,488,0.0,1.25,77.2563518111684,0.20019837268813023,False,0,0,1
488,489,0.0,1.75,175.42266211095964,0.37239574290976857,False,0,0,2
489,490,1.0,1.0,79.41869669516787,0.0,False,0,0,3
490,491,1.75,1.75,378.17273472237616,0.3491845549626864,False,1,1,1
491,492,1.5,1.25,99.64452219722025,0.05259758389849328,False,2,1,1
492,493,0.0,1.25,267.3328059840198,0.4069358175801638,False,0,0,1
493,494,1.75,1.5,374.7536734851869,0.4312525289504146,False,3,3,2
494,495,1.5,0.5,247.29570397657426,0.22245920326012478,False,1,1,1
495,496,2.75,1.75,398.90137134773096,0.6111589346073751,False,2,1,1
496,497,0.0,2.0,346.3358905050743,0.5630726585234318,False,0,0,1
497,498,1.25,1.75,175.5093232863501,0.4491432352424415,False,0,0,2
498,499,2.0,1.5,374.58663568697847,0.3708368138814181,False,2,2,1
499,500,6.0,1.0,359.1328613643795,0.5107519578717439,False,2,2,1
500,501,2.75,1.5,197.36477239051126,0.4723331881518038,False,2,2,1
501,502,2.25,1.75,250.56101000719377,0.24081509144209545,False,2,2,1
502,503,2.25,2.0,241.05375681461064,0.41627492364256596,False,1,1,1
503,504,3.25,1.25,125.17786467391649,0.12833425690099068,False,2,1,1
504,505,0.75,1.25,108.33072447407733,0.04263991768355463,False,0,0,1
505,506,0.5,1.0,309.5719319952175,0.6106698706272036,False,0,0,1
506,507,1.75,1.5,214.97662847292426,0.2745741567895621,False,1,1,2
507,508,1.0,1.5,131.52437346476694,0.0,False,0,0,1
508,509,2.25,1.5,302.9080213476316,0.11690499789466173,False,1,1,1
509,510,0.5,2.0,247.98899892499762,0.11690499789466173,False,0,0,1
510,511,0.0,195.25,347.46776086775344,0.5903646895710113,False,0,0,2
511,512,3.5,482.75,310.4180757611772,0.15974305919970747,False,2,2,3
512,513,0.0,1.0,273.39153247692406,0.36290403628345513,False,0,0,1
513,514,1.0,1.5,133.893807743138,0.48688724352745205,False,0,0,2
514,515,1.25,1.5,145.8368982761485,0.0,False,0,0,1
515,516,1.0,1.0,363.0615866629978,0.0,False,0,0,1
516,517,1.0,587.5,351.8137354580715,0.559011216994667,False,0,0,1
517,518,0.0,1.25,146.1496974695046,0.4043108934208789,False,0,0,1
518,519,0.75,0.5,191.37156820413867,0.41063255922869846,False,0,0,2
519,520,0.0,3.75,340.01551318973867,0.5228905548958508,False,0,0,3
520,521,2.5,1.5,362.5583961313915,0.5653382558856953,False,4,3,4
521,522,1.75,1.0,305.9754333830773,0.3068236123530083,False,1,1,1
522,523,0.5,1.0,269.04573420790155,0.10394738679970045,False,0,0,1
523,524,0.0,1.25,303.0642055529295,0.26472452496785626,False,0,0,2
524,525,2.0,1.75,375.48076199840915,0.2591919310834698,False,2,2,3
525,526,0.5,1.0,363.8699782927362,0.30866828739846797,False,0,0,1
526,527,3.75,1.0,205.55055835362566,0.4091556073316747,False,3,3,2
527,528,2.5,1.25,175.8736767200887,0.0,False,1,1,1
528,529,1.25,0.5,210.16827692165904,0.25448737080487727,False,0,0,1
529,530,3.75,1.5,382.50812535866413,0.549070656220946,False,2,1,1
530,531,3.0,1.5,350.30343531324996,0.5028691181883853,False,3,3,1
531,532,1.5,1.0,321.0339004932181,0.330048599771188,False,2,2,1
532,533,1.5,1.0,29.636169402675282,0.0,False,2,2,1
533,534,0.0,4.25,390.9628440546689,0.47126029685720683,False,0,0,1
534,535,3.5,1.5,197.95244760926784,0.3095019377201692,False,2,2,2
535,536,5.75,1.0,375.5435851900966,0.6176973656454539,False,2,2,1
536,537,1.75,1.5,179.60509475544268,0.3968989281892305,False,2,2,1
537,538,2.75,1.25,329.5382332693446,0.47212229337088935,False,1,1,1
538,539,1.0,1.5,395.78720628688325,0.5510744865353201,False,0,0,1
539,540,2.25,2.0,220.15483103167142,0.4887009090023588,False,2,2,1
540,541,2.5,1.5,316.44720491355366,0.3854223695264069,False,2,2,1
541,542,3.75,1.5,340.5638964504052,0.5154369670080152,False,2,2,1
542,543,1.75,1.5,317.710389218294,0.1799362882336134,False,1,1,1
543,544,8.25,2.25,301.8543025163613,0.07773888111958846,False,6,1,1
544,545,5.5,2.0,392.0330956874998,0.3443656849045813,False,3,2,1
545,546,0.0,2.0,349.2781742126524,0.2764731982901712,False,0,0,1
546,547,1.75,1.5,397.07382868927414,0.5706661485972672,False,3,3,2
547,548,1.75,1.5,386.55552129137345,0.5793386440764583,False,2,2,1
548,549,2.0,2.5,294.6262888731826,0.36418035431572615,False,1,1,1
549,550,0.5,1.0,109.10242810680406,0.0,False,0,0,1
550,551,1.75,1.5,150.22127857278215,0.4394196400960656,False,2,2,2
551,552,1.5,1.0,396.35680937130405,0.5533942471735138,False,2,2,1
552,553,2.75,1.25,103.46318460750881,0.0,False,1,1,1
553,554,0.5,1.5,396.7482295512533,0.49778355914414835,False,0,0,1
554,555,1.75,1.5,155.2850084712343,0.28120243927951444,False,2,2,2
555,556,1.5,1.5,389.59901183766806,0.6090566699630398,False,2,1,1
556,557,4.0,2.0,235.26194716327188,0.2092656862939472,False,2,2,1
557,558,3.0,2.0,392.28047856459307,0.6051085128607304,False,2,2,1
558,559,2.25,1.75,357.66365571812264,0.5362440596744243,False,2,2,1
559,560,1.25,125.75,181.64369552997005,0.12034552174091356,False,0,0,1
560,561,0.0,2.25,312.1814267579859,0.5828521724806958,False,0,0,1
561,562,6.25,2.0,281.84007847724973,0.322119602846225,False,3,2,2
562,563,1.75,2.0,357.6130753603164,0.5555157462750554,False,2,2,1
563,564,2.25,1.5,124.79283372927726,0.2204500636706895,False,3,3,1
564,565,1.5,2.25,248.51338258362378,0.011992483229113823,False,1,1,1
565,566,0.5,0.0,20.337626535567903,0.0,False,0,0,1
566,567,0.0,2.0,321.99237208320835,0.39920726201404527,False,0,0,2
567,568,2.5,1.0,313.9569378393976,0.5807067911242915,False,4,2,3
568,569,4.0,1.75,201.31244140699954,0.5351474003068772,False,2,1,1
569,570,0.5,1.0,374.51960478369665,0.3738933749709959,False,0,0,1
570,571,2.0,2.0,263.21572755434636,0.17809248817325454,False,1,1,2
571,572,1.0,2.0,341.7838573219364,0.3182839787989119,False,0,0,1
572,573,4.0,0.5,394.43122780079074,0.31661616943026183,False,3,3,1
573,574,0.5,9999.0,9999.0,9999.0,False,0,0,1
574,575,2.0,219.75,394.59911683568134,0.5711853973736007,False,1,1,2
575,576,1.0,2.5,295.5035629916239,0.19832953795930675,False,0,0,1
576,577,0.0,1.0,285.81534485469587,0.23942411117415574,False,0,0,1
577,578,1.75,1.5,399.6113056049982,0.5894595466610942,False,3,3,2
578,579,1.75,1.0,362.9106786908214,0.5877107889573252,False,1,1,1
579,580,2.25,1.5,226.86696221970405,0.23767841161424968,False,3,3,1
580,581,2.75,1.5,102.1436051467528,0.07989653374756009,False,3,3,1
581,582,3.0,3.0,350.3368565320393,0.0,False,2,2,1
582,583,0.5,1.5,398.46208080812045,0.5977190942269416,False,0,0,1
583,584,1.0,0.5,383.30066713080714,0.28661343221729496,False,0,0,2
584,585,3.0,1.0,349.91375600812324,0.20461085992655847,False,2,1,1
585,586,2.75,2.0,377.20519872644616,0.300417690235365,False,2,1,1
586,587,1.0,1.5,365.0635977031117,0.5019227914600205,False,0,0,1
587,588,1.0,1.5,331.41926067789433,0.46200553637589425,False,0,0,1
588,589,3.0,2.0,205.55903339973494,0.47122460592337867,False,3,2,1
589,590,2.5,2.0,333.7093467197008,0.555988336082744,False,2,2,1
590,591,1.25,1.5,150.31656188122653,0.3720320279860725,False,0,0,1
591,592,2.0,1.75,303.43635992822357,0.3381262827498191,False,2,2,1
592,593,3.75,1.5,210.99406111954724,0.4710102038350933,False,2,2,1
593,594,2.0,1.5,357.7916325209538,0.5886074055284536,False,3,3,1
594,595,3.5,1.0,256.4328632226442,0.3658463692153846,False,3,1,1
595,596,1.75,1.5,254.36944177340746,0.48408335369416083,False,1,1,1
596,597,0.5,1.0,357.4878558390614,0.5165292749954633,False,0,0,1
597,598,2.5,1.0,194.04956200491887,0.21738470270690138,False,2,2,2
598,599,0.5,1.5,122.55778535070102,0.027570590775819498,False,0,0,1
599,600,2.5,1.5,183.4412740941712,0.4110919178227759,False,2,2,2
600,601,1.0,0.5,29.310289823113926,0.0,False,0,0,1
601,602,3.0,1.5,216.25267811019927,0.2098783723264644,False,3,2,2
602,603,0.75,1.25,99.3579799770122,0.3605932962769555,False,0,0,1
603,604,1.0,1.5,383.89097432661083,0.6275208190497057,False,0,0,1
604,605,1.25,1.0,398.2222707062285,0.6204204383941851,False,0,0,1
605,606,3.5,1.75,211.22374033149495,0.0027760230978939593,False,2,2,1
606,607,3.25,1.5,102.32056465465644,0.0,False,2,2,1
607,608,1.5,1.0,184.22098835112263,0.3320124676326913,False,2,2,1
608,609,2.0,1.75,328.65651725259426,0.6030682904585295,False,2,1,1
609,610,2.0,2.0,246.25307012541356,0.018655098678866777,False,2,2,1
610,611,2.25,0.5,24.374884151602203,0.0,False,1,1,1
611,612,0.5,80.25,208.64814094234148,0.5375515446356136,False,0,0,1
612,613,2.25,1.5,323.4719162313525,0.3623557332941453,False,2,2,2
613,614,3.0,1.25,363.36021261155224,0.05044373501020358,False,2,1,1
614,615,4.25,1.5,253.8630890575639,0.0,False,6,4,1
615,616,4.0,1.5,144.02845169541652,0.15291682550070784,False,3,2,1
616,617,1.75,1.5,152.80884837280163,0.1879280280887292,False,2,2,1
617,618,4.25,1.5,374.5276185769485,0.41463968148031816,False,2,2,1
618,619,6.0,2.0,375.6945267519919,0.5758232525447495,False,2,2,1
619,620,1.0,305.75,365.8544432066785,0.004535681854317283,False,0,0,1
620,621,0.5,2.0,388.88471746238866,0.5345323298700055,False,0,0,1
621,622,0.5,1.0,387.32953077607687,0.5339963443764241,False,0,0,2
622,623,3.25,1.5,300.9716873477943,0.36779120396337084,False,3,3,3
623,624,4.5,1.5,196.07597579950857,0.135427329384117,False,3,1,1
624,625,1.25,0.5,398.2560927470397,0.559642411181519,False,0,0,1
625,626,0.5,1.75,120.04482792031965,0.0050415965846904165,False,0,0,1
626,627,3.0,1.5,122.36149312857516,0.21082766917069434,False,2,2,2
627,628,2.25,1.75,387.6895385810188,0.2749882553393807,False,2,2,1
628,629,2.25,1.5,98.23916338822647,0.3856156412883661,False,3,3,1
629,630,0.5,1.5,270.81653398026907,0.48103027592162206,False,0,0,1
630,631,1.25,1.5,140.1534610686013,0.08609373759602718,False,0,0,2
631,632,1.0,1.0,360.09249454463935,0.5779220395256031,False,0,0,1
632,633,1.75,1.5,346.77187254527684,0.42526591848656425,False,2,2,1
633,634,0.0,1.5,366.4959655726985,0.6087505481778224,False,0,0,1
634,635,7.5,2.0,276.9532831738549,0.0,False,4,2,2
635,636,3.0,0.5,397.35279506953776,0.6013484909431926,False,1,1,1
636,637,1.75,1.75,129.195459078113,0.49169363603172245,False,3,2,1
637,638,7.75,1.5,353.78737773706166,0.5473861642668173,False,5,3,1
638,639,2.0,1.5,161.2804575698736,0.10896670501786526,False,1,1,1
639,640,1.5,1.0,351.79579331057647,0.33225090093766213,False,2,2,1
640,641,2.0,1.5,371.4595879870084,0.4784416115690095,False,2,2,1
641,642,2.25,1.0,392.76527556614474,0.6010021828576884,False,2,2,1
642,643,0.0,183.75,346.517930692475,0.4805802511780535,False,0,0,1
643,644,1.75,1.5,345.804201976785,0.3720720355678988,False,2,2,2
644,645,0.5,1.5,320.0419235965813,0.5378698029931114,False,0,0,1
645,646,2.25,1.5,338.7688362444913,0.2505438324679081,False,3,3,2
646,647,3.75,1.0,330.47684942189557,0.3140198657394142,False,1,1,1
647,648,1.0,521.5,286.22823996480696,0.3569987447211343,False,0,0,1
648,649,0.0,1.0,294.46973700895757,0.10495602598181879,False,0,0,1
649,650,2.5,1.0,395.44533643609935,0.3920320412863045,False,2,2,2
650,651,3.25,0.5,309.4745180125277,0.28118472005537876,False,1,1,1
651,652,2.0,1.5,114.92305770592087,0.18164033267225735,False,3,2,1
652,653,2.75,53.25,374.1296512870413,0.43299278458694435,False,1,1,1
653,654,0.5,2.0,374.94419741049245,0.5212451446308952,False,0,0,1
654,655,0.0,2.5,331.93317761980256,0.0,False,0,0,2
655,656,3.75,1.75,362.17037516926547,0.47172233167229316,False,2,2,3
656,657,1.5,1.0,346.0688289936355,0.5977162438050165,False,1,1,1
657,658,1.75,1.5,155.88276494022568,0.0,False,2,2,1
658,659,1.5,2.0,390.0081572792229,0.5711512814017328,False,2,2,1
659,660,2.5,1.5,149.92611003969535,0.0,False,2,2,1
660,661,2.5,1.5,353.16873681627214,0.558427334834338,False,2,2,1
661,662,2.0,0.5,391.59491839619216,0.5755050015323588,False,1,1,1
662,663,3.0,2.5,378.3323082035857,0.48954950135097874,False,2,1,1
663,664,0.5,1.25,372.39164703114244,0.5810372622327024,False,0,0,1
664,665,0.0,1.0,50.232663591728404,0.0,False,0,0,2
665,666,1.25,1.5,351.4490556127682,0.5388143635289268,False,0,0,3
666,667,1.75,1.5,251.1636677287016,0.5420352282237467,False,2,2,1
667,668,2.75,1.5,370.7900963122677,0.05335039288502935,False,2,2,1
668,669,1.25,1.5,145.7863412219485,0.05204424690283693,False,0,0,1
669,670,5.5,1.5,197.57915259549998,0.5166982278057675,False,4,2,1
670,671,1.5,1.75,385.37937827096704,0.6068667606568181,False,2,2,1
671,672,5.75,1.5,174.56109537548747,0.1305028086230433,False,3,3,1
672,673,7.25,0.5,398.45409716552996,0.49561901690662896,False,6,1,1
673,674,2.75,1.5,393.8066233637178,0.5716235865651222,False,3,2,1
674,675,1.5,1.75,345.22203675186097,0.48660742250563405,False,2,2,1
675,676,1.25,1.75,336.7840498253237,0.4522990571772296,False,0,0,1
676,677,1.0,1.5,396.3146176011264,0.5935339557539459,False,0,0,1
677,678,2.0,1.5,389.22330862567554,0.4133404999049913,False,2,2,1
678,679,2.0,2.0,276.88448859931054,0.25249203272431026,False,2,2,1
679,680,3.0,1.75,371.66439696387454,0.6236941912879658,False,2,2,1
680,681,0.5,3.0,337.9866354545333,0.48449920914530403,False,0,0,1
681,682,0.5,3.25,339.91717494458567,0.08185060651882192,False,0,0,2
682,683,0.0,1.5,65.676568118126,0.21867496796508334,False,0,0,3
683,684,4.0,1.75,323.36402260235286,0.5587006717929214,False,2,2,4
684,685,2.0,1.5,251.4030003854727,0.33435486321966906,False,3,3,1
685,686,3.5,1.75,371.04697162991863,0.5737259527162386,False,2,2,1
686,687,1.75,1.0,249.65834968867367,0.1550760202293383,False,1,1,1
687,688,1.5,1.0,381.14256213478745,0.45828198456627567,False,3,3,1
688,689,1.5,1.75,375.6629767886546,0.590972200139072,False,1,1,1
689,690,2.0,1.0,45.1531000289743,0.0,False,2,2,1
690,691,3.25,0.5,368.4985488333018,0.5400589331646213,False,1,1,1
691,692,2.5,1.5,356.3113755600948,0.5035987926510547,False,3,2,1
692,693,2.5,2.0,362.03921606506407,0.5768545912709221,False,3,3,1
693,694,0.0,1.0,308.6388852971407,0.5035257109222455,False,0,0,1
694,695,2.75,1.5,351.09012221567684,0.0769174642697888,False,2,2,2
695,696,2.25,1.75,368.04255037127376,0.5776549258023141,False,1,1,1
696,697,1.0,1.5,394.9383950857765,0.5833873533659099,False,0,0,1
697,698,2.0,2.0,247.01996164596477,0.42873454945583767,False,2,2,1
698,699,0.0,3.0,337.6899710819397,0.05132187669463266,False,0,0,1
699,700,1.75,1.5,163.6849731659484,0.14826194555603872,False,2,2,2
700,701,2.5,1.5,164.15962811210906,0.4307857303023573,False,2,2,1
701,702,2.0,1.5,391.98366298678275,0.5665354192429292,False,1,1,1
702,703,0.5,198.25,394.6931896755649,0.6164770919067692,False,0,0,1
703,704,0.5,1.0,375.61567548807704,0.5765590640214013,False,0,0,2
704,705,3.25,1.5,357.72007401729405,0.6040944191407569,False,2,2,3
705,706,0.0,9999.0,9999.0,9999.0,False,0,0,1
706,707,7.0,1.5,374.78287765543456,0.6201471119175712,False,2,2,2
707,708,1.5,1.0,387.00228822595676,0.5333696521020429,False,1,1,1
708,709,1.5,0.75,391.7437160149641,0.42769287915288995,False,1,1,1
709,710,0.0,0.75,397.2685098771219,0.6041463657961886,False,0,0,1
710,711,0.5,1.0,342.7800174387765,0.5489138723786313,False,0,0,2
711,712,2.5,1.5,119.34766323745681,0.4289634336129856,False,4,3,3
712,713,3.25,1.5,356.76747786978086,0.36635419331329455,False,2,1,1
713,714,1.0,1.5,396.6055101597775,0.6172572731694607,False,0,0,1
714,715,1.5,1.5,360.0191569833798,0.1678665185561873,False,1,1,1
715,716,2.5,0.5,348.72447460648186,0.5237343736472913,False,1,1,1
716,717,1.0,1.0,365.83537779167114,0.21283873961781596,False,0,0,1
717,718,2.25,1.5,137.10980713532007,0.3158546847695439,False,2,2,1
718,719,1.5,2.0,357.33787752497153,0.37225736580440183,False,2,2,1
719,720,2.5,1.5,387.33402338190643,0.33670868313959945,False,3,3,1
720,721,1.5,1.5,392.20914480384465,0.2973787034543773,False,2,2,1
721,722,2.5,1.5,295.2110999889496,0.04392451513679729,False,3,3,1
722,723,2.0,2.0,372.863806680378,0.5414064898955881,False,2,2,1
723,724,2.5,1.5,351.09313191449354,0.3032732372815873,False,3,3,1
724,725,2.5,2.0,304.75780527269455,0.3875960872681099,False,2,2,1
725,726,3.5,1.0,380.4055081316996,0.4179909062376924,False,2,2,1
726,727,3.25,1.5,368.01945036887895,0.4717889828066051,False,1,1,1
727,728,1.5,1.5,187.51169302195808,0.10144044528634855,False,2,2,1
728,729,1.5,1.75,311.7822672978535,0.5501298812768426,False,2,2,1
729,730,7.0,1.5,357.512087426925,0.4141204018498565,False,2,2,1
730,731,7.25,1.0,367.9704241307942,0.5900357304930142,False,3,3,1
731,732,2.25,1.5,381.79756857014115,0.5898914817509606,False,3,3,1
732,733,1.75,1.5,324.24111257694864,0.4514700487410648,False,3,3,1
733,734,0.0,1.5,195.9167367493865,0.5263386303986197,False,0,0,1
734,735,2.75,1.0,361.74876726292234,0.6076897080226635,False,3,3,2
735,736,2.25,1.0,373.6036797108363,0.6189034486040842,False,2,2,1
736,737,1.5,2.5,168.25763052326394,0.0,False,2,2,1
737,738,0.0,1.5,370.65016407934763,0.2930201528380989,False,0,0,1
738,739,5.25,0.5,298.7093733550588,0.4182691291731161,False,1,1,2
739,740,0.0,0.5,393.31098242321355,0.523571649568255,False,0,0,1
740,741,2.25,1.0,74.39853154865307,0.0,False,3,2,2
741,742,1.0,1.5,123.36520122529338,0.20682258785924817,False,0,0,1
742,743,2.0,1.5,140.08450015882468,0.29045567904864344,False,3,3,1
743,744,0.0,1.5,340.03565636548785,0.5922213182483023,False,0,0,1
744,745,2.75,2.0,360.749831901531,0.4528817255351536,False,2,2,2
745,746,2.25,111.0,386.5275113439466,0.17062418124471207,False,1,1,1
746,747,0.5,1.5,208.32268950639022,0.043372361498324574,False,0,0,1
747,748,2.25,1.0,377.7698230516113,0.20235124504653645,False,2,2,2
748,749,2.25,1.5,301.98827283604356,0.5979519503534294,False,2,2,1
749,750,2.0,1.5,160.23889759770273,0.08164835407859877,False,2,2,1
750,751,2.25,1.5,384.2355296216405,0.3887313528297833,False,2,2,1
751,752,1.5,1.5,366.3066435687746,0.5070301636219509,False,2,2,1
752,753,4.0,1.0,392.5026740931558,0.5928516447013628,False,2,2,1
753,754,2.0,1.5,348.8787788987372,0.5264948168110773,False,3,3,1
754,755,3.25,1.5,382.67327755393046,0.6051038464245989,False,2,2,1
755,756,1.5,1.0,355.9533019543915,0.4858118198658306,False,2,2,1
756,757,4.25,1.5,187.98354192614306,0.42123499153500255,False,2,2,1
757,758,2.0,2.0,364.8315657887975,0.6195381816147247,False,2,2,1
758,759,4.5,1.5,247.28347068784356,0.40361276338002294,False,4,2,1
759,760,2.5,1.0,257.1874917260732,0.0,False,2,2,1
760,761,1.0,1.25,78.15738598644653,0.34915597365274925,False,0,0,1
761,762,1.0,0.5,378.8227353706042,0.2124697842986279,False,0,0,1
762,763,0.5,1.0,89.50366937870032,0.2124697842986279,False,0,0,1
763,764,1.25,0.5,5.513995796185515,0.0,False,0,0,2
764,765,2.0,2.0,216.6852509937451,0.49321337971921864,False,3,2,1
765,766,1.0,1.0,45.78361160039672,0.0,False,0,0,1
766,767,2.5,1.5,122.65146743914714,0.0,False,3,3,2
767,768,4.25,1.25,361.8462247648951,0.328154666085884,False,1,1,1
768,769,0.5,1.0,367.4440358373067,0.23915140643503313,False,0,0,1
769,770,6.0,1.75,284.91964318213553,0.32561304346068165,False,2,2,2
770,771,2.25,1.5,393.2943401876609,0.49672594932803676,False,2,2,1
771,772,3.5,1.75,294.2573052797088,0.4464296530310353,False,2,2,1
772,773,1.5,2.0,215.68775290542092,0.49300516151631574,False,2,2,1
773,774,1.75,0.5,375.7004218692457,0.6051081399634075,False,1,1,1
774,775,1.75,1.5,394.24381711499996,0.554595868070656,False,3,3,1
775,776,1.5,2.0,370.4604814105961,0.483176667153292,False,2,2,1
776,777,3.5,1.5,109.20634819038348,0.36026725486614375,False,3,3,1
777,778,2.0,1.75,379.69230649270025,0.5622457454105335,False,3,2,1
778,779,6.0,1.5,185.1982000877505,0.3938191445518182,False,4,2,1
779,780,2.0,1.5,229.72401044420783,0.14941721562245086,False,2,2,1
780,781,0.0,79.5,322.5791590181035,0.2247665905642951,False,0,0,1
781,782,1.5,1.5,377.8410419094877,0.31289356087434894,False,2,2,2
782,783,2.25,1.5,165.36070493336146,0.10548613166639648,False,2,2,1
783,784,5.5,1.5,82.2350319809503,0.0,False,3,3,1
784,785,2.5,1.75,202.1094383614935,0.09780112263389139,False,2,2,1
785,786,1.0,1.0,318.51485077433847,0.5028268140580956,False,0,0,1
786,787,2.5,2.0,254.74217356807242,0.07527198996912644,False,2,2,1
787,788,3.25,1.5,149.24804864011182,0.3213862189373829,False,2,2,1
788,789,1.75,1.5,377.70719679003344,0.5312592380102681,False,3,3,1
789,790,2.25,1.5,385.36720257508097,0.3354282456525732,False,2,2,1
790,791,4.0,2.0,328.1794290064217,0.25306485819339464,False,2,2,1
791,792,2.0,2.0,353.62249193098734,0.46176162615052896,False,1,1,1
792,793,2.5,1.5,389.80045761038764,0.5689355962247279,False,2,2,1
793,794,1.75,2.25,300.41283949101216,0.30396690231944146,False,1,1,1
794,795,0.5,2.0,395.27496929065603,0.6018635944169402,False,0,0,1
795,796,2.25,23.75,399.0767462773515,0.5815509187998402,False,1,1,2
796,797,0.5,1.5,148.6608556817393,0.0,False,0,0,1
797,798,2.25,1.25,305.0961930320219,0.37094694470470757,False,1,1,2
798,799,2.5,1.5,147.9655646025096,0.0,False,4,2,1
799,800,6.5,1.5,394.582618742472,0.5737683772000175,False,3,1,1
800,801,1.75,1.75,389.3127495270678,0.5249643213197109,False,2,2,1
801,802,1.75,1.5,323.1123469555905,0.597525111617995,False,3,3,1
802,803,1.5,1.5,392.32836556344415,0.3668336493003186,False,2,2,1
803,804,1.0,1.0,344.18539526690665,0.1300984167144023,False,0,0,1
804,805,2.25,1.5,99.18458779959805,0.38013889947962004,False,3,3,1
805,806,4.5,1.0,367.69106475072914,0.35311064567512374,False,3,3,1
806,807,5.25,1.5,335.2008978444042,0.5353100262215713,False,2,2,1
807,808,1.75,0.5,395.82827742704933,0.5037665138858921,False,1,1,1
808,809,3.25,1.75,387.76268220428096,0.5383678375980083,False,2,1,1
809,810,1.5,2.25,288.2175114152021,0.044000240692420145,False,1,1,1
810,811,0.5,1.5,372.3609201686928,0.5473704728732799,False,0,0,1
811,812,2.0,1.0,388.50612646974747,0.38373967466402004,False,2,2,2
812,813,4.0,1.5,383.3590745375788,0.44650764095529205,False,3,2,1
813,814,1.25,1.5,93.46024191789874,0.0,False,0,0,1
814,815,1.0,362.75,319.44125573617504,0.44828818782314545,False,0,0,1
815,816,4.25,93.0,367.28984054250947,0.558164465445847,False,1,1,1
816,817,1.0,1.0,369.1274109002225,0.34789377126643517,False,0,0,1
817,818,1.75,1.0,334.05000880682434,0.0,False,2,2,2
818,819,6.0,1.5,359.56650733596894,0.49711366580849914,False,2,2,1
819,820,11.0,1.5,393.11456610299393,0.6012128973228379,False,2,1,1
820,821,4.0,1.5,303.957008330454,0.052289352842639955,False,2,2,1
821,822,0.5,1.0,365.25217584865516,0.31017421857010236,False,0,0,1
822,823,1.0,189.25,381.8978297255027,0.26840448050892945,False,0,0,2
823,824,0.5,1.0,389.77850814548714,0.5342807951783533,False,0,0,1
824,825,0.0,189.5,175.39649116781473,0.04255269164189712,False,0,0,2
825,826,2.0,1.5,200.35788988950128,0.21875589832463768,False,3,3,3
826,827,0.0,1.5,384.34119074153995,0.6131456601557583,False,0,0,1
827,828,0.5,1.0,292.8283192695044,0.11513218987724433,False,0,0,2
828,829,1.5,1.5,150.68052996490508,0.5254616340186851,False,2,2,3
829,830,3.0,1.5,357.3174112646618,0.6000304202153013,False,2,2,1
830,831,1.5,2.0,342.77912873294736,0.3064757681605866,False,2,2,1
831,832,1.75,0.75,394.2105195805211,0.45498293434796955,False,1,1,1
832,833,0.5,9999.0,9999.0,9999.0,False,0,0,1
833,834,0.0,1.0,368.16635401217184,0.5481123615561823,False,0,0,2
834,835,1.75,284.0,383.5445609988076,0.5969399413448531,False,2,1,3
835,836,0.0,2.0,380.6293718343211,0.5955584123355624,False,0,0,1
836,837,0.5,1.0,222.85760724943967,0.060312678098625394,False,0,0,2
837,838,1.5,0.5,262.6306476858071,0.552761876093383,False,1,1,3
838,839,0.5,1.0,55.49879674457814,0.0,False,0,0,1
839,840,0.0,143.5,149.1519773857725,0.12120360331255095,False,0,0,2
840,841,3.25,9999.0,9999.0,9999.0,False,4,1,3
841,842,0.5,437.75,358.95584603327427,0.4452530962647907,False,0,0,1
842,843,0.0,1.75,324.70164108333324,0.561367672887338,False,0,0,2
843,844,2.25,2.0,255.42706239724941,0.3278103104494028,False,2,2,3
844,845,1.25,1.5,367.491342979119,0.527736402150382,False,0,0,1
845,846,2.75,1.0,365.98384191811317,0.5170363220473757,False,2,2,1
846,847,4.75,1.5,346.94292753883025,0.20044397956989474,False,3,3,1
847,848,2.25,1.5,307.47243794065787,0.2736600257250738,False,3,3,1
848,849,3.5,1.5,351.51148209696004,0.54589673584702,False,2,1,1
849,850,0.5,9999.0,9999.0,9999.0,False,0,0,1
850,851,0.5,93.5,373.2732297195003,0.3871400147304351,False,0,0,1
851,852,0.0,0.0,356.93510996657625,0.5152677053437649,False,0,0,2
852,853,1.0,1.5,282.1499085525758,0.4837623134388964,False,0,0,3
853,854,1.25,1.0,383.52710178004344,0.4088360276936167,False,0,0,4
854,855,0.0,1.0,317.9572805132081,0.5558081637222198,False,0,0,1
855,856,0.0,1.5,306.0425503305168,0.5673195215869888,False,0,0,2
856,857,2.25,1.5,338.8729334783975,0.332125324721588,False,2,1,3
857,858,3.25,1.5,389.25895270153836,0.44444127365173974,False,2,1,1
858,859,2.0,2.0,249.56990882974364,0.3600164256805265,False,2,2,1
859,860,12.75,2.0,233.95271626419867,0.5265041819924898,False,2,2,1
860,861,2.5,1.5,390.8669620283884,0.5708858464645439,False,2,2,1
861,862,3.5,1.5,397.838894943371,0.3290149909178261,False,3,3,1
862,863,7.25,1.0,254.78252425766948,0.5264984492782597,False,2,2,1
863,864,1.5,1.0,253.61827163642278,0.14470968487826857,False,2,2,1
864,865,1.25,1.5,281.43110718275346,0.12178867925084944,False,0,0,1
865,866,1.5,1.5,398.05344072547973,0.5391860483585927,False,2,2,1
866,867,2.0,1.5,360.31129337490495,0.47757071480999824,False,1,1,1
867,868,3.5,2.0,393.2464833408762,0.5265257794020113,False,2,2,1
868,869,2.75,2.0,397.89107712100605,0.557512834493238,False,2,2,1
869,870,3.25,1.0,83.6424633408197,0.0,False,2,2,1
870,871,2.0,4.75,384.52896503724367,0.593798191639548,False,2,2,1
871,872,0.0,0.5,363.07245107684423,0.524917873224827,False,0,0,1
872,873,1.5,1.0,391.37376195472444,0.5489684858484987,False,3,3,2
873,874,0.0,1.0,382.1410141433919,0.5544416432428445,False,0,0,1
874,875,2.75,1.25,399.39662546307625,0.28382005194458965,False,3,1,2
875,876,0.0,1.25,114.1143501386001,0.0,False,0,0,1
876,877,1.25,0.5,391.097465527398,0.6147516708176882,False,0,0,2
877,878,0.5,1.5,393.09124881280974,0.5932512015400816,False,0,0,3
878,879,2.0,1.5,268.4562002691034,0.5863471360222451,False,2,2,4
879,880,0.5,1.0,390.08063703324683,0.3107114828128956,False,0,0,1
880,881,3.0,1.0,366.4578821909425,0.5921332294180208,False,1,1,2
881,882,0.5,1.5,392.98969754283854,0.5700936338241837,False,0,0,1
882,883,1.75,2.0,221.9211693956366,0.1712684126465982,False,2,2,2
883,884,2.75,2.0,245.8764434136855,0.0,False,2,2,1
884,885,3.0,1.75,387.98267356601673,0.6271198881729736,False,1,1,1
885,886,0.5,0.5,380.13459639486865,0.5026596841232112,False,0,0,1
886,887,0.5,1.0,51.340985756342434,0.0,False,0,0,2
887,888,6.75,2.0,254.20983162030956,0.0,False,4,2,3
888,889,4.5,1.5,139.69251731568286,0.07557282157809259,False,2,2,1
889,890,2.0,1.5,345.53040055897526,0.14004864914061443,False,2,2,1
890,891,6.25,1.5,153.60294980824017,0.49042858514623155,False,4,2,1
891,892,2.25,1.0,272.1514456362903,0.039114657472228406,False,2,2,1
892,893,3.25,1.0,395.36692737000755,0.6299045732463133,False,3,2,1
893,894,0.0,1.25,234.80849691872987,0.2290265886800153,False,0,0,1
894,895,5.75,1.5,389.3504375125858,0.5344509082012157,False,3,3,2
895,896,2.5,0.5,309.5015848316992,0.571672354333908,False,1,1,1
896,897,2.75,2.0,378.0930098897071,0.6227675868474379,False,3,2,1
897,898,4.75,2.25,316.1482095477255,0.23431698272046542,False,3,3,1
898,899,0.0,1.0,355.3840684026918,0.0,False,0,0,1
899,900,2.25,1.5,331.8708058343036,0.5668946395179177,False,2,2,2
900,901,1.25,4.5,361.909428915784,0.5631164559971237,False,0,0,1
901,902,0.0,1.75,286.47299453797484,0.36117145976571274,False,0,0,1
902,903,1.25,1.75,250.9835809956214,0.4893169364899923,False,0,0,2
903,904,0.5,1.5,333.15920881299866,0.37948438193463796,False,0,0,1
904,905,4.5,0.5,187.03124972338864,0.34984515252467996,False,2,1,2
905,906,1.75,1.75,375.8638601877325,0.5009723199686145,False,3,2,1
906,907,3.0,2.0,372.9262232828161,0.45070658931493357,False,2,2,1
907,908,1.5,1.75,374.4571682338141,0.5111410865803361,False,2,2,1
908,909,1.5,1.5,110.55219939135098,0.0,False,3,3,1
909,910,0.75,208.0,270.96254410896273,0.5018939941938657,False,0,0,1
910,911,1.0,1.5,380.2156996359608,0.5533473787294176,False,0,0,1
911,912,2.0,3.0,329.36695997137167,0.5596355026258346,False,1,1,1
912,913,0.5,2.0,352.61288935839525,0.554983595027265,False,0,0,1
913,914,2.5,2.0,257.29605791284564,0.1285627688238234,False,2,2,2
914,915,3.0,0.5,388.4034907068417,0.5467244039742397,False,1,1,1
915,916,1.75,1.5,148.2894582700364,0.0,False,2,1,1
916,917,4.25,1.5,374.32623564906606,0.5454388942116255,False,3,2,1
917,918,1.5,2.0,211.1084644887969,0.43208002674935886,False,2,2,1
918,919,2.25,1.5,190.33236666322782,0.26862284239366735,False,2,2,1
919,920,1.5,1.75,398.18581957819487,0.4660922899041429,False,2,2,1
920,921,3.25,2.0,359.1507272590459,0.5752902233172934,False,1,1,1
921,922,3.75,1.75,381.3000830226099,0.447390457108786,False,2,2,1
922,923,1.75,0.5,321.7406333095107,0.2504853961457388,False,2,2,1
923,924,3.0,2.0,279.0906633175898,0.0,False,3,2,1
924,925,2.75,1.5,379.8070868681975,0.44232033104577284,False,2,2,1
925,926,4.25,1.5,340.61564417023897,0.08245184870892044,False,2,2,1
926,927,3.25,1.75,286.63568375129444,0.5017580040302727,False,2,2,1
927,928,1.75,1.75,332.05165130477155,0.19181272261076926,False,2,2,1
928,929,2.25,1.5,387.95955938779696,0.5428587501910329,False,3,3,1
929,930,5.5,2.25,296.75774022529833,0.31026110406471763,False,2,1,1
930,931,0.5,1.0,388.97885308194924,0.5998766392524084,False,0,0,1
931,932,2.25,1.75,233.76228510356145,0.26787811323970934,False,2,2,2
932,933,1.0,1.0,383.5944444700098,0.5118646664413664,False,0,0,1
933,934,3.0,1.0,379.7508393869966,0.3097361367213439,False,2,2,1
934,935,1.0,1.0,322.7806422526205,0.0,False,0,0,1
935,936,6.0,1.0,71.11030081804583,0.0,False,3,1,1
936,937,4.5,1.0,269.3801740732587,0.38109165572835746,False,2,2,1
937,938,6.0,1.0,379.0727413565847,0.5698865594501388,False,3,3,1
938,939,0.0,1.0,206.1969419335589,0.2620169719867833,False,0,0,1
939,940,3.25,1.0,188.377637425209,0.05569587819815802,False,3,3,2
940,941,0.0,1.75,163.045143073955,0.36845656211262434,False,0,0,1
941,942,1.75,1.75,390.84858418791924,0.08359617257861801,False,2,2,2
942,943,0.5,1.5,332.81371514114807,0.588272879247741,False,0,0,1
943,944,1.5,1.5,371.87013314596254,0.5098719893679673,False,3,3,2
944,945,1.5,1.0,364.68442284413226,0.5110145423980679,False,2,2,1
945,946,2.5,1.25,392.0216848706807,0.5889905888040715,False,3,3,1
946,947,3.0,2.0,387.1658279933912,0.44518080744963173,False,2,2,1
947,948,1.25,1.5,308.98239821587765,0.616507168976665,False,0,0,1
948,949,3.0,1.5,387.23394417499486,0.1329781498140588,False,2,2,1
949,950,8.25,1.75,366.7540964493841,0.228097312906057,False,2,1,1
950,951,2.0,2.0,372.4819813467953,0.010748353384504833,False,1,1,1
951,952,1.5,2.0,226.5209059188573,0.0,False,2,2,1
952,953,1.75,1.0,354.4108510214309,0.48801754918839446,False,2,2,1
953,954,11.0,1.5,350.3647480642324,0.6251890161669655,False,1,1,1
954,955,1.25,1.5,366.5287256977276,0.5116751885172119,False,0,0,1
955,956,2.0,1.0,35.06552842154955,0.0,False,2,2,1
956,957,1.25,2.0,331.53408124416643,0.5359923355525975,False,0,0,1
957,958,0.5,3.0,323.0329876622455,0.5193261290712244,False,0,0,2
958,959,0.0,1.0,207.71031653087442,0.26413374961792624,False,0,0,3
959,960,0.5,4.25,275.1359200827385,0.05174158897448479,False,0,0,4
960,961,1.5,2.0,208.85626308954497,0.46348439449590334,False,2,2,5
961,962,2.25,1.5,387.9659705135664,0.5068627603176551,False,1,1,1
962,963,2.5,2.0,180.40602595823663,0.4520883509323329,False,2,1,1
963,964,0.5,1.0,95.91036741807797,0.0,False,0,0,1
964,965,1.0,1.0,379.9944560578589,0.41395235459575186,False,0,0,2
965,966,1.5,1.0,238.18059945391514,0.5158846994296267,False,1,1,1
966,967,2.25,3.0,374.3690307583253,0.07166982344980286,False,1,1,1
967,968,1.75,1.0,396.4779730122632,0.5565945250252992,False,3,2,1
968,969,2.0,1.0,100.25153961008384,0.38694461819136444,False,2,1,1
969,970,0.5,1.0,256.4964875044297,0.4457822486912692,False,0,0,1
970,971,3.5,1.5,393.4932117715219,0.07318683915810748,False,2,2,2
971,972,1.0,1.5,116.88670746953709,0.0,False,0,0,1
972,973,4.25,1.5,384.5420528167899,0.5437311152788,False,5,3,1
973,974,3.0,1.0,269.1373111165745,0.3413946853354878,False,2,2,1
974,975,2.5,1.5,220.08147534953906,0.38941110420166597,False,2,2,1
975,976,6.25,1.75,164.16352696108305,0.5048211144516288,False,2,2,1
976,977,2.25,2.5,330.1206369638264,0.2061558448011156,False,1,1,1
977,978,0.5,1.0,80.40707255401132,0.0,False,0,0,1
978,979,2.5,2.0,341.58277043004085,0.5469466981031132,False,2,2,2
979,980,3.25,1.5,294.20654593576154,0.3531663786151261,False,3,3,1
980,981,1.0,1.25,373.37067332562543,0.5916192044240122,False,0,0,1
981,982,1.0,1.5,349.0099713720573,0.5332141854612273,False,0,0,1
982,983,2.0,2.0,380.9411375232422,0.5282504606657397,False,2,1,1
983,984,1.0,1.0,58.77635580641549,0.23221828035037512,False,0,0,1
984,985,1.0,0.5,270.9525182829524,0.49234276511575403,False,0,0,1
985,986,2.25,1.5,242.15755077561514,0.4381897142543415,False,3,2,1
986,987,1.5,1.5,397.5941864424363,0.4562383663360813,False,2,2,1
987,988,2.25,1.0,389.8607607663364,0.3381696637087009,False,2,1,1
988,989,3.25,1.5,302.04345063848154,0.5646414022256826,False,4,3,1
989,990,0.0,2.0,191.75747173977064,0.0,False,0,0,1
990,991,2.5,2.0,282.0108577571291,0.22730459600807248,False,2,2,2
991,992,1.0,0.75,295.21480882622086,0.15362546371273383,False,0,0,1
992,993,1.0,1.5,114.98020771376396,0.0014306540574753612,False,0,0,1
993,994,1.5,1.5,346.32988956559075,0.6030580772270844,False,3,3,1
994,995,2.5,2.0,267.8177940696554,0.4222709342504923,False,2,2,1
995,996,1.75,1.5,174.96677180111536,0.27211179053000456,False,2,2,1
996,997,3.25,1.0,333.4654761191812,0.3491799939675879,False,1,1,1
997,998,2.5,1.0,59.46137710787853,0.0,False,1,1,1
998,999,7.0,1.5,99.80093964092772,0.09471329142969509,False,2,2,1
999,1000,1.75,0.5,331.7490484060743,0.0,False,1,1,1
1000,1001,0.5,1.5,155.0350468879845,0.0,False,0,0,1
1001,1002,3.5,0.75,379.6719597776357,0.34975206708337675,False,1,1,2
1002,1003,0.5,1.0,384.0926738222438,0.5837165012586409,False,0,0,1
1003,1004,1.75,2.0,349.67469626831513,0.3124146446383792,False,2,2,2
1004,1005,2.5,1.5,339.3761272471856,0.057133302159752444,False,2,2,1
1005,1006,0.75,2.0,182.4721678814118,0.10460244401375221,False,0,0,1
1006,1007,0.5,2.25,397.03019509641,0.40354096214619584,False,0,0,1
1007,1008,0.5,1.5,385.2240849927284,0.5366837338781609,False,0,0,2
1008,1009,0.0,1.75,337.5333164719964,0.33161645859496214,False,0,0,3
1009,1010,2.25,1.5,265.89460574597643,0.43365261351197637,False,2,2,4
1010,1011,2.75,0.5,271.88201453820193,0.0,False,1,1,1
1011,1012,3.75,1.5,353.8491182142522,0.4255864563729142,False,3,1,1
1012,1013,0.5,1.0,79.36839207352413,0.0,False,0,0,1
1013,1014,1.5,0.5,376.0995936191319,0.5820892361927709,False,1,1,2
1014,1015,0.5,1.0,374.5986105524626,0.4143613073946337,False,0,0,1
1015,1016,2.0,2.0,355.7804953414184,0.5195691488914603,False,2,2,2
1016,1017,1.75,1.5,279.52337910171053,0.5044486156689907,False,2,2,1
1017,1018,1.75,1.0,107.14250449640456,0.0,False,2,2,1
1018,1019,0.0,73.5,252.43951687143021,0.07008883547694703,False,0,0,1
1019,1020,5.5,2.0,263.2516269764231,0.0,False,2,2,2
1020,1021,1.5,2.0,353.26091900039563,0.547711374623662,False,2,2,1
1021,1022,4.0,2.0,373.931767057822,0.5603103382082875,False,2,2,1
1022,1023,5.25,1.5,362.54451547232367,0.451042851215159,False,2,2,1
1023,1024,1.25,1.75,224.10454895319674,0.0,False,0,0,1
1024,1025,1.25,1.5,143.26183198984165,0.0,False,0,0,1
1025,1026,6.25,1.5,242.48070742921456,0.016732843262940944,False,2,2,1
1026,1027,0.0,1.5,352.4173544996512,0.4663778612935506,False,0,0,1
1027,1028,3.5,1.5,332.1373281691248,0.4174701756298297,False,2,2,2
1028,1029,3.0,1.25,369.63842955643617,0.46628569185511437,False,2,1,1
1029,1030,1.0,1.5,378.37360816810656,0.3888269233976692,False,0,0,1
1030,1031,2.0,1.75,359.9047363300123,0.6061806733867242,False,2,2,1
1031,1032,2.0,1.25,377.50928508362193,0.4215456701341445,False,2,2,1
1032,1033,0.5,1.0,36.9141673247581,0.0,False,0,0,1
1033,1034,2.25,1.5,384.4393817362899,0.4332206353610328,False,1,1,2
1034,1035,1.0,0.0,398.0618025062487,0.5122132283086196,False,0,0,1
1035,1036,0.0,0.5,59.201570301067555,0.0,False,0,0,1
1036,1037,1.5,1.0,332.22586756468866,0.4422668566459474,False,2,2,2
1037,1038,1.5,1.5,398.9071069376049,0.5897424136726782,False,2,2,3
1038,1039,1.0,2.5,239.18565725591057,0.09614304661267571,False,0,0,1
1039,1040,0.5,1.5,354.31872412968704,0.3935098032625072,False,0,0,1
1040,1041,4.5,1.0,369.49962250334886,0.2829831211181438,False,4,4,2
1041,1042,2.75,1.75,256.08117639652295,0.5335308523532802,False,2,2,1
1042,1043,1.25,1.5,275.38381960208346,0.47307905355035595,False,0,0,1
